{"cameraMode":{"drawMode":0,"name":"Shaded","section":"Shading Mode"},"sceneLighting":true,"audioPlay":false,"sceneViewState":{"showFog":true,"showMaterialUpdate":false,"showSkybox":true,"showFlares":true,"showImageEffects":true,"showParticleSystems":true},"in2DMode":false,"pivot":{"x":-5.544921875,"y":2.78759765625,"z":-3.5494384765625},"rotation":{"x":-0.00441178772598505,"y":-0.9867764115333557,"z":0.159751757979393,"w":-0.027244476601481439},"size":9.257987022399903,"orthographic":true}